keys,en,de,fr
TITLE,WHACK-A-REPORTER,HAU-DEN-REPORTER,FRAPPER-UN-JOURNALISTE
SUBTITLE,You are da Präsident. Reporters keep popping up \n with serious questions. Bonk them with your gavel \nbefore they can ask — or lose approval!,Du bist der Präsident. Ständig tauchen Reporter mit wichtigen Fragen auf. \nHau sie mit dem Hammer ab bevor sie fragen können \n– sonst verlierst du deine Zustimmung!,Vous êtes le Président. Les journalistes n'arrêtent pas de surgir avec des questions sérieuses.\nÉliminez-les d'un coup de marteau avant même qu'ils ne puissent les poser \n— sinon vous risquez de perdre votre influence !
SCORE,Score:,Punktzahl:,Score:
INSERTCOIN,● INSERT COIN ●,● MÜNZE EINWERFEN ●,● INSÉRER UNE PIÈCE  ●
STARTBUTTON,CLASSIC PRESS BRIEFING,KLASSISCHE PRESSEKONFERENZ,POINT DE PRESSE CLASSIQUE
STARTBUTTONTRIAL,CHAOTIC PRESS BRIEFING,CHAOTISCHE PRESSEKONFERENZ,POINT DE PRESSE CHAOTIQUE
HIGHSCORES,— HIGH SCORES —,— ERGEBNISSE —,— SCORES ÉLEVÉS —
LIVES,Missteps,Fehltritte,Faux pas
COMBO,COMBO,COMBO,COMBO
LEVEL,LEVEL,LEVEL,LEVEL
SCORE,SCORE,PUNKTE,SCORE
TERM,TERM,LEGISLATUR,LÉGISLATIF
DONATE,Donate,Spenden,Faire un don
